{"data":[{"hr_uid":471,"province":"SK","engname":"Far North","frename":"Far North"},{"hr_uid":472,"province":"SK","engname":"North","frename":"North"},{"hr_uid":473,"province":"SK","engname":"Central","frename":"Central"},{"hr_uid":474,"province":"SK","engname":"Saskatoon","frename":"Saskatoon"},{"hr_uid":475,"province":"SK","engname":"Regina","frename":"Regina"},{"hr_uid":476,"province":"SK","engname":"South","frename":"South"},{"hr_uid":591,"province":"BC","engname":"Interior Health","frename":"Interior Health"},{"hr_uid":592,"province":"BC","engname":"Fraser Health","frename":"Fraser Health"},{"hr_uid":593,"province":"BC","engname":"Vancouver Coastal Health","frename":"Vancouver Coastal Health"},{"hr_uid":594,"province":"BC","engname":"Vancouver Island Health","frename":"Vancouver Island Health"},{"hr_uid":595,"province":"BC","engname":"Northern Health","frename":"Northern Health"},{"hr_uid":1011,"province":"NL","engname":"Eastern Regional Health Authority","frename":"Eastern Regional Health Authority"},{"hr_uid":1012,"province":"NL","engname":"Central Regional Health Authority","frename":"Central Regional Health Authority"},{"hr_uid":1013,"province":"NL","engname":"Western Regional Health Authority","frename":"Western Regional Health Authority"},{"hr_uid":1014,"province":"NL","engname":"Labrador-Grenfell Regional Health Authority","frename":"Labrador-Grenfell Regional Health Authority"},{"hr_uid":1100,"province":"PE","engname":"Prince Edward Island","frename":"\u00cele-du-Prince-\u00c9douard"},{"hr_uid":1201,"province":"NS","engname":"Zone 1 - Western","frename":"Zone 1 - Western"},{"hr_uid":1202,"province":"NS","engname":"Zone 2 - Northern","frename":"Zone 2 - Northern"},{"hr_uid":1203,"province":"NS","engname":"Zone 3 - Eastern","frename":"Zone 3 - Eastern"},{"hr_uid":1204,"province":"NS","engname":"Zone 4 - Central","frename":"Zone 4 - Central"},{"hr_uid":1301,"province":"NB","engname":"Zone 1 (Moncton area)","frename":"Zone 1 (r\u00e9gion de Moncton)"},{"hr_uid":1302,"province":"NB","engname":"Zone 2 (Saint John area)","frename":"Zone 2 (r\u00e9gion de Saint John)"},{"hr_uid":1303,"province":"NB","engname":"Zone 3 (Fredericton area)","frename":"Zone 3 (r\u00e9gion de Fredericton)"},{"hr_uid":1304,"province":"NB","engname":"Zone 4 (Edmundston area)","frename":"Zone 4 (r\u00e9gion d'Edmundston)"},{"hr_uid":1305,"province":"NB","engname":"Zone 5 (Campbellton area)","frename":"Zone 5 (r\u00e9gion de Campbellton)"},{"hr_uid":1306,"province":"NB","engname":"Zone 6 (Bathurst area)","frename":"Zone 6 (r\u00e9gion de Bathurst)"},{"hr_uid":1307,"province":"NB","engname":"Zone 7 (Miramichi area)","frename":"Zone 7 (r\u00e9gion de Miramichi)"},{"hr_uid":2401,"province":"QC","engname":"R\u00e9gion du Bas-Saint-Laurent","frename":"R\u00e9gion du Bas-Saint-Laurent"},{"hr_uid":2402,"province":"QC","engname":"R\u00e9gion du Saguenay\u2014Lac-Saint-Jean","frename":"R\u00e9gion du Saguenay\u2014Lac-Saint-Jean"},{"hr_uid":2403,"province":"QC","engname":"R\u00e9gion de la Capitale-Nationale","frename":"R\u00e9gion de la Capitale-Nationale"},{"hr_uid":2404,"province":"QC","engname":"R\u00e9gion de la Mauricie et du Centre-du-Qu\u00e9bec","frename":"R\u00e9gion de la Mauricie et du Centre-du-Qu\u00e9bec"},{"hr_uid":2405,"province":"QC","engname":"R\u00e9gion de l'Estrie","frename":"R\u00e9gion de l'Estrie"},{"hr_uid":2406,"province":"QC","engname":"R\u00e9gion de Montr\u00e9al","frename":"R\u00e9gion de Montr\u00e9al"},{"hr_uid":2407,"province":"QC","engname":"R\u00e9gion de l'Outaouais","frename":"R\u00e9gion de l'Outaouais"},{"hr_uid":2408,"province":"QC","engname":"R\u00e9gion de l'Abitibi-T\u00e9miscamingue","frename":"R\u00e9gion de l'Abitibi-T\u00e9miscamingue"},{"hr_uid":2409,"province":"QC","engname":"R\u00e9gion de la C\u00f4te-Nord","frename":"R\u00e9gion de la C\u00f4te-Nord"},{"hr_uid":2410,"province":"QC","engname":"R\u00e9gion du Nord-du-Qu\u00e9bec","frename":"R\u00e9gion du Nord-du-Qu\u00e9bec"},{"hr_uid":2411,"province":"QC","engname":"R\u00e9gion de la Gasp\u00e9sie\u2014\u00celes-de-la-Madeleine","frename":"R\u00e9gion de la Gasp\u00e9sie\u2014\u00celes-de-la-Madeleine"},{"hr_uid":2412,"province":"QC","engname":"R\u00e9gion de la Chaudi\u00e8re-Appalaches","frename":"R\u00e9gion de la Chaudi\u00e8re-Appalaches"},{"hr_uid":2413,"province":"QC","engname":"R\u00e9gion de Laval","frename":"R\u00e9gion de Laval"},{"hr_uid":2414,"province":"QC","engname":"R\u00e9gion de Lanaudi\u00e8re","frename":"R\u00e9gion de Lanaudi\u00e8re"},{"hr_uid":2415,"province":"QC","engname":"R\u00e9gion des Laurentides","frename":"R\u00e9gion des Laurentides"},{"hr_uid":2416,"province":"QC","engname":"R\u00e9gion de la Mont\u00e9r\u00e9gie","frename":"R\u00e9gion de la Mont\u00e9r\u00e9gie"},{"hr_uid":2417,"province":"QC","engname":"R\u00e9gion du Nunavik","frename":"R\u00e9gion du Nunavik"},{"hr_uid":2418,"province":"QC","engname":"R\u00e9gion des Terres-Cries-de-la-Baie-James","frename":"R\u00e9gion des Terres-Cries-de-la-Baie-James"},{"hr_uid":3526,"province":"ON","engname":"The District of Algoma Health Unit","frename":"Circonscription sanitaire du district d'Algoma"},{"hr_uid":3527,"province":"ON","engname":"Brant County Health Unit","frename":"Circonscription sanitaire du comt\u00e9 de Brant"},{"hr_uid":3530,"province":"ON","engname":"Durham Regional Health Unit","frename":"Circonscription sanitaire r\u00e9gionale de Durham"},{"hr_uid":3533,"province":"ON","engname":"Grey Bruce Health Unit","frename":"Circonscription sanitaire de Grey Bruce"},{"hr_uid":3534,"province":"ON","engname":"Haldimand-Norfolk Health Unit","frename":"Circonscription sanitaire de Haldimand-Norfolk"},{"hr_uid":3535,"province":"ON","engname":"Haliburton, Kawartha, Pine Ridge District Health Unit","frename":"Circonscription sanitaire du district de Haliburton, Kawartha et Pine Ridge"},{"hr_uid":3536,"province":"ON","engname":"Halton Regional Health Unit","frename":"Circonscription sanitaire r\u00e9gionale de Halton"},{"hr_uid":3537,"province":"ON","engname":"City of Hamilton Health Unit","frename":"Circonscription sanitaire de la cit\u00e9 de Hamilton"},{"hr_uid":3538,"province":"ON","engname":"Hastings and Prince Edward Counties Health Unit","frename":"Circonscription sanitaire des comt\u00e9s de Hastings et Prince Edward"},{"hr_uid":3539,"province":"ON","engname":"Huron Perth Public Health Unit","frename":"Circonscription sanitaire du comt\u00e9 de Huron Perth"},{"hr_uid":3540,"province":"ON","engname":"Chatham-Kent Health Unit","frename":"Circonscription sanitaire de Chatham-Kent"},{"hr_uid":3541,"province":"ON","engname":"Kingston, Frontenac and Lennox and Addington Health Unit","frename":"Circonscription sanitaire de Kingston, Frontenac et Lennox et Addington"},{"hr_uid":3542,"province":"ON","engname":"Lambton Health Unit","frename":"Circonscription sanitaire de Lambton"},{"hr_uid":3543,"province":"ON","engname":"Leeds, Grenville and Lanark District Health Unit","frename":"Circonscription sanitaire du district de Leeds, Grenville et Lanark"},{"hr_uid":3544,"province":"ON","engname":"Middlesex-London Health Unit","frename":"Circonscription sanitaire de Middlesex-London"},{"hr_uid":3546,"province":"ON","engname":"Niagara Regional Area Health Unit","frename":"Circonscription sanitaire r\u00e9gionale de Niagara"},{"hr_uid":3547,"province":"ON","engname":"North Bay Parry Sound District Health Unit","frename":"Circonscription sanitaire du district de North Bay Parry Sound"},{"hr_uid":3549,"province":"ON","engname":"Northwestern Health Unit","frename":"Circonscription sanitaire du Nord-Ouest"},{"hr_uid":3551,"province":"ON","engname":"City of Ottawa Health Unit","frename":"Circonscription sanitaire de la ville d'Ottawa"},{"hr_uid":3553,"province":"ON","engname":"Peel Regional Health Unit","frename":"Circonscription sanitaire r\u00e9gionale de Peel"},{"hr_uid":3555,"province":"ON","engname":"Peterborough County\u2013City Health Unit","frename":"Circonscription sanitaire du comt\u00e9 et de la cit\u00e9 de Peterborough"},{"hr_uid":3556,"province":"ON","engname":"Porcupine Health Unit","frename":"Circonscription sanitaire de Porcupine"},{"hr_uid":3557,"province":"ON","engname":"Renfrew County and District Health Unit","frename":"Circonscription sanitaire du comt\u00e9 et du district de Renfrew"},{"hr_uid":3558,"province":"ON","engname":"The Eastern Ontario Health Unit","frename":"Circonscription sanitaire de l'Est de l'Ontario"},{"hr_uid":3560,"province":"ON","engname":"Simcoe Muskoka District Health Unit","frename":"Circonscription sanitaire du district de Simcoe Muskoka"},{"hr_uid":3561,"province":"ON","engname":"Sudbury and District Health Unit","frename":"Circonscription sanitaire de Sudbury et son district"},{"hr_uid":3562,"province":"ON","engname":"Thunder Bay District Health Unit","frename":"Circonscription sanitaire du district de Thunder Bay"},{"hr_uid":3563,"province":"ON","engname":"Timiskaming Health Unit","frename":"Circonscription sanitaire de Timiskaming"},{"hr_uid":3565,"province":"ON","engname":"Waterloo Health Unit","frename":"Circonscription sanitaire de Waterloo"},{"hr_uid":3566,"province":"ON","engname":"Wellington-Dufferin-Guelph Health Unit","frename":"Circonscription sanitaire de Wellington-Dufferin-Guelph"},{"hr_uid":3568,"province":"ON","engname":"Windsor-Essex County Health Unit","frename":"Circonscription sanitaire de Windsor-comt\u00e9 d'Essex"},{"hr_uid":3570,"province":"ON","engname":"York Regional Health Unit","frename":"Circonscription sanitaire r\u00e9gionale de York"},{"hr_uid":3575,"province":"ON","engname":"Southwestern Public Health Unit","frename":"Circonscription sanitaire du sud-ouest"},{"hr_uid":3595,"province":"ON","engname":"City of Toronto Health Unit","frename":"Circonscription sanitaire de la cit\u00e9 de Toronto"},{"hr_uid":4601,"province":"MB","engname":"Winnipeg Regional Health Authority","frename":"Office r\u00e9gional de la sant\u00e9 de Winnipeg"},{"hr_uid":4602,"province":"MB","engname":"Prairie Mountain Health","frename":"Sant\u00e9 de Prairie Mountain"},{"hr_uid":4603,"province":"MB","engname":"Interlake-Eastern Regional Health Authority","frename":"Office r\u00e9gional de la sant\u00e9 d'Entre-les-Lacs et de l'Est"},{"hr_uid":4604,"province":"MB","engname":"Northern Regional Health Authority","frename":"Office r\u00e9gional de la sant\u00e9 du Nord"},{"hr_uid":4605,"province":"MB","engname":"Southern Health\u2014Sant\u00e9 Sud","frename":"Southern Health\u2014Sant\u00e9 Sud"},{"hr_uid":4831,"province":"AB","engname":"South Zone","frename":"South Zone"},{"hr_uid":4832,"province":"AB","engname":"Calgary Zone","frename":"Calgary Zone"},{"hr_uid":4833,"province":"AB","engname":"Central Zone","frename":"Central Zone"},{"hr_uid":4834,"province":"AB","engname":"Edmonton Zone","frename":"Edmonton Zone"},{"hr_uid":4835,"province":"AB","engname":"North Zone","frename":"North Zone"},{"hr_uid":6001,"province":"YT","engname":"Yukon","frename":"Yukon"},{"hr_uid":6101,"province":"NT","engname":"Northwest Territories","frename":"Territoires du Nord-Ouest"},{"hr_uid":6201,"province":"NU","engname":"Nunavut","frename":"Nunavut"}]}